-3,-10,arNwit38aSNSYKww1lA0/hSaZz0=,IWHz2LS91Lmhm+pDdRPl0Z+FT3U=
-2,-11,arNwit38aSNSYKww1lA0/hSaZz0=,IWHz2LS91Lmhm+pDdRPl0Z+FT3U=
-3,-11,ygULqNSgwA1IEcYDTuspJAUDsSE=,IWHz2LS91Lmhm+pDdRPl0Z+FT3U=
-2,-10,ygULqNSgwA1IEcYDTuspJAUDsSE=,IWHz2LS91Lmhm+pDdRPl0Z+FT3U=
-7,-15,ygULqNSgwA1IEcYDTuspJAUDsSE=,edJoK1KsypNiIrD0WDYdVCRvpIU=
-7,-14,ygULqNSgwA1IEcYDTuspJAUDsSE=,edJoK1KsypNiIrD0WDYdVCRvpIU=
-6,-15,ygULqNSgwA1IEcYDTuspJAUDsSE=,edJoK1KsypNiIrD0WDYdVCRvpIU=
-6,-14,ygULqNSgwA1IEcYDTuspJAUDsSE=,edJoK1KsypNiIrD0WDYdVCRvpIU=
-9,-14,ygULqNSgwA1IEcYDTuspJAUDsSE=,7X1V7P6Js6nMI6zEG0g2qcn6jPk=
-10,-14,ygULqNSgwA1IEcYDTuspJAUDsSE=,7X1V7P6Js6nMI6zEG0g2qcn6jPk=
-11,-14,ygULqNSgwA1IEcYDTuspJAUDsSE=,7X1V7P6Js6nMI6zEG0g2qcn6jPk=
-9,-15,ygULqNSgwA1IEcYDTuspJAUDsSE=,7X1V7P6Js6nMI6zEG0g2qcn6jPk=
-10,-15,W0IFHAM9R0OCUK9k+bUQLLnj6iM=,7X1V7P6Js6nMI6zEG0g2qcn6jPk=
-11,-15,5wUagLlDt6UDh01vwNnWOU7AZuc=,7X1V7P6Js6nMI6zEG0g2qcn6jPk=
-8,-14,5wUagLlDt6UDh01vwNnWOU7AZuc=,edJoK1KsypNiIrD0WDYdVCRvpIU=
-10,-10,5wUagLlDt6UDh01vwNnWOU7AZuc=,/dxOhfEF3qLfVY8QZrIumm0w8ro=
-8,-15,5wUagLlDt6UDh01vwNnWOU7AZuc=,edJoK1KsypNiIrD0WDYdVCRvpIU=
-10,-11,5wUagLlDt6UDh01vwNnWOU7AZuc=,/dxOhfEF3qLfVY8QZrIumm0w8ro=
-11,-11,5wUagLlDt6UDh01vwNnWOU7AZuc=,/dxOhfEF3qLfVY8QZrIumm0w8ro=
-11,-13,5wUagLlDt6UDh01vwNnWOU7AZuc=,7X1V7P6Js6nMI6zEG0g2qcn6jPk=
-11,-12,5wUagLlDt6UDh01vwNnWOU7AZuc=,/dxOhfEF3qLfVY8QZrIumm0w8ro=
-11,-10,5wUagLlDt6UDh01vwNnWOU7AZuc=,/dxOhfEF3qLfVY8QZrIumm0w8ro=
-10,-12,5wUagLlDt6UDh01vwNnWOU7AZuc=,/dxOhfEF3qLfVY8QZrIumm0w8ro=
-10,-13,5wUagLlDt6UDh01vwNnWOU7AZuc=,7X1V7P6Js6nMI6zEG0g2qcn6jPk=
-8,-13,5wUagLlDt6UDh01vwNnWOU7AZuc=,edJoK1KsypNiIrD0WDYdVCRvpIU=
-7,-13,5wUagLlDt6UDh01vwNnWOU7AZuc=,edJoK1KsypNiIrD0WDYdVCRvpIU=
-4,-10,5wUagLlDt6UDh01vwNnWOU7AZuc=,IWHz2LS91Lmhm+pDdRPl0Z+FT3U=
-4,-11,5wUagLlDt6UDh01vwNnWOU7AZuc=,IWHz2LS91Lmhm+pDdRPl0Z+FT3U=
-9,-10,5wUagLlDt6UDh01vwNnWOU7AZuc=,/dxOhfEF3qLfVY8QZrIumm0w8ro=
-5,-10,5wUagLlDt6UDh01vwNnWOU7AZuc=,BlywQQe0mju2sf0iqNvCxmpHWDM=
-7,-10,5wUagLlDt6UDh01vwNnWOU7AZuc=,BlywQQe0mju2sf0iqNvCxmpHWDM=
-6,-10,5wUagLlDt6UDh01vwNnWOU7AZuc=,BlywQQe0mju2sf0iqNvCxmpHWDM=
-5,-11,5wUagLlDt6UDh01vwNnWOU7AZuc=,BlywQQe0mju2sf0iqNvCxmpHWDM=
-7,-11,5wUagLlDt6UDh01vwNnWOU7AZuc=,BlywQQe0mju2sf0iqNvCxmpHWDM=
-8,-12,5wUagLlDt6UDh01vwNnWOU7AZuc=,BlywQQe0mju2sf0iqNvCxmpHWDM=
-8,-11,5wUagLlDt6UDh01vwNnWOU7AZuc=,BlywQQe0mju2sf0iqNvCxmpHWDM=
-6,-11,5wUagLlDt6UDh01vwNnWOU7AZuc=,BlywQQe0mju2sf0iqNvCxmpHWDM=
-9,-11,5wUagLlDt6UDh01vwNnWOU7AZuc=,/dxOhfEF3qLfVY8QZrIumm0w8ro=
-6,-12,5wUagLlDt6UDh01vwNnWOU7AZuc=,BlywQQe0mju2sf0iqNvCxmpHWDM=
-7,-12,5wUagLlDt6UDh01vwNnWOU7AZuc=,BlywQQe0mju2sf0iqNvCxmpHWDM=
-6,-13,5wUagLlDt6UDh01vwNnWOU7AZuc=,edJoK1KsypNiIrD0WDYdVCRvpIU=
-9,-12,5wUagLlDt6UDh01vwNnWOU7AZuc=,/dxOhfEF3qLfVY8QZrIumm0w8ro=
-8,-10,5wUagLlDt6UDh01vwNnWOU7AZuc=,BlywQQe0mju2sf0iqNvCxmpHWDM=
-9,-13,5wUagLlDt6UDh01vwNnWOU7AZuc=,7X1V7P6Js6nMI6zEG0g2qcn6jPk=
-11,-6,5wUagLlDt6UDh01vwNnWOU7AZuc=,FN+lQjAQqPV9d1KxzCcq/TEZlnE=
-11,-7,5wUagLlDt6UDh01vwNnWOU7AZuc=,FN+lQjAQqPV9d1KxzCcq/TEZlnE=
-10,-9,5wUagLlDt6UDh01vwNnWOU7AZuc=,/dxOhfEF3qLfVY8QZrIumm0w8ro=
-11,-9,5wUagLlDt6UDh01vwNnWOU7AZuc=,/dxOhfEF3qLfVY8QZrIumm0w8ro=
-10,-6,5wUagLlDt6UDh01vwNnWOU7AZuc=,FN+lQjAQqPV9d1KxzCcq/TEZlnE=
-11,-8,5wUagLlDt6UDh01vwNnWOU7AZuc=,FN+lQjAQqPV9d1KxzCcq/TEZlnE=
-10,-7,5wUagLlDt6UDh01vwNnWOU7AZuc=,FN+lQjAQqPV9d1KxzCcq/TEZlnE=
-10,-8,5wUagLlDt6UDh01vwNnWOU7AZuc=,FN+lQjAQqPV9d1KxzCcq/TEZlnE=
-3,-9,5wUagLlDt6UDh01vwNnWOU7AZuc=,IWHz2LS91Lmhm+pDdRPl0Z+FT3U=
-3,-8,5wUagLlDt6UDh01vwNnWOU7AZuc=,qeMLrk7+UfdhGM5eLwB0WfZVY54=
-2,-8,5wUagLlDt6UDh01vwNnWOU7AZuc=,qeMLrk7+UfdhGM5eLwB0WfZVY54=
-2,-7,5wUagLlDt6UDh01vwNnWOU7AZuc=,qeMLrk7+UfdhGM5eLwB0WfZVY54=
-2,-6,5wUagLlDt6UDh01vwNnWOU7AZuc=,qeMLrk7+UfdhGM5eLwB0WfZVY54=
-2,-9,5wUagLlDt6UDh01vwNnWOU7AZuc=,IWHz2LS91Lmhm+pDdRPl0Z+FT3U=
-3,-7,5wUagLlDt6UDh01vwNnWOU7AZuc=,qeMLrk7+UfdhGM5eLwB0WfZVY54=
-4,-9,5wUagLlDt6UDh01vwNnWOU7AZuc=,IWHz2LS91Lmhm+pDdRPl0Z+FT3U=
-9,-9,5wUagLlDt6UDh01vwNnWOU7AZuc=,/dxOhfEF3qLfVY8QZrIumm0w8ro=
-9,-8,5wUagLlDt6UDh01vwNnWOU7AZuc=,FN+lQjAQqPV9d1KxzCcq/TEZlnE=
-9,-7,5wUagLlDt6UDh01vwNnWOU7AZuc=,FN+lQjAQqPV9d1KxzCcq/TEZlnE=
-5,-8,5wUagLlDt6UDh01vwNnWOU7AZuc=,oAenFkLH4sWvwm71YGM3jmiy2Gk=
-3,-6,5wUagLlDt6UDh01vwNnWOU7AZuc=,qeMLrk7+UfdhGM5eLwB0WfZVY54=
-9,-6,5wUagLlDt6UDh01vwNnWOU7AZuc=,FN+lQjAQqPV9d1KxzCcq/TEZlnE=
-4,-8,5wUagLlDt6UDh01vwNnWOU7AZuc=,qeMLrk7+UfdhGM5eLwB0WfZVY54=
-5,-9,5wUagLlDt6UDh01vwNnWOU7AZuc=,BlywQQe0mju2sf0iqNvCxmpHWDM=
-5,-7,5wUagLlDt6UDh01vwNnWOU7AZuc=,oAenFkLH4sWvwm71YGM3jmiy2Gk=
-8,-8,5wUagLlDt6UDh01vwNnWOU7AZuc=,oAenFkLH4sWvwm71YGM3jmiy2Gk=
-8,-9,5wUagLlDt6UDh01vwNnWOU7AZuc=,BlywQQe0mju2sf0iqNvCxmpHWDM=
-8,-6,5wUagLlDt6UDh01vwNnWOU7AZuc=,oAenFkLH4sWvwm71YGM3jmiy2Gk=
-4,-7,5wUagLlDt6UDh01vwNnWOU7AZuc=,qeMLrk7+UfdhGM5eLwB0WfZVY54=
-8,-7,5wUagLlDt6UDh01vwNnWOU7AZuc=,oAenFkLH4sWvwm71YGM3jmiy2Gk=
-7,-6,5wUagLlDt6UDh01vwNnWOU7AZuc=,oAenFkLH4sWvwm71YGM3jmiy2Gk=
-7,-8,5wUagLlDt6UDh01vwNnWOU7AZuc=,oAenFkLH4sWvwm71YGM3jmiy2Gk=
-6,-9,5wUagLlDt6UDh01vwNnWOU7AZuc=,BlywQQe0mju2sf0iqNvCxmpHWDM=
-7,-9,5wUagLlDt6UDh01vwNnWOU7AZuc=,BlywQQe0mju2sf0iqNvCxmpHWDM=
-7,-7,5wUagLlDt6UDh01vwNnWOU7AZuc=,oAenFkLH4sWvwm71YGM3jmiy2Gk=
-5,-6,5wUagLlDt6UDh01vwNnWOU7AZuc=,oAenFkLH4sWvwm71YGM3jmiy2Gk=
-6,-7,5wUagLlDt6UDh01vwNnWOU7AZuc=,oAenFkLH4sWvwm71YGM3jmiy2Gk=
-6,-8,5wUagLlDt6UDh01vwNnWOU7AZuc=,oAenFkLH4sWvwm71YGM3jmiy2Gk=
-6,-6,5wUagLlDt6UDh01vwNnWOU7AZuc=,oAenFkLH4sWvwm71YGM3jmiy2Gk=
-4,-6,5wUagLlDt6UDh01vwNnWOU7AZuc=,qeMLrk7+UfdhGM5eLwB0WfZVY54=
-6,-4,5wUagLlDt6UDh01vwNnWOU7AZuc=,7WedLruiU060X9qW77Ah1vUydSw=
-6,-3,5wUagLlDt6UDh01vwNnWOU7AZuc=,7WedLruiU060X9qW77Ah1vUydSw=
-7,-4,5wUagLlDt6UDh01vwNnWOU7AZuc=,7WedLruiU060X9qW77Ah1vUydSw=
-7,-5,5wUagLlDt6UDh01vwNnWOU7AZuc=,oAenFkLH4sWvwm71YGM3jmiy2Gk=
-7,-2,5wUagLlDt6UDh01vwNnWOU7AZuc=,7WedLruiU060X9qW77Ah1vUydSw=
-6,-5,5wUagLlDt6UDh01vwNnWOU7AZuc=,oAenFkLH4sWvwm71YGM3jmiy2Gk=
-6,-2,5wUagLlDt6UDh01vwNnWOU7AZuc=,7WedLruiU060X9qW77Ah1vUydSw=
-7,-3,5wUagLlDt6UDh01vwNnWOU7AZuc=,7WedLruiU060X9qW77Ah1vUydSw=
-15,-3,5wUagLlDt6UDh01vwNnWOU7AZuc=,jkLb8WeS/Z2yX04akAMxA04JG0g=
-14,-2,5wUagLlDt6UDh01vwNnWOU7AZuc=,jkLb8WeS/Z2yX04akAMxA04JG0g=
-14,-3,5wUagLlDt6UDh01vwNnWOU7AZuc=,jkLb8WeS/Z2yX04akAMxA04JG0g=
-15,-2,5wUagLlDt6UDh01vwNnWOU7AZuc=,jkLb8WeS/Z2yX04akAMxA04JG0g=
-11,-5,5wUagLlDt6UDh01vwNnWOU7AZuc=,FN+lQjAQqPV9d1KxzCcq/TEZlnE=
-10,-5,5wUagLlDt6UDh01vwNnWOU7AZuc=,FN+lQjAQqPV9d1KxzCcq/TEZlnE=
-13,-2,5wUagLlDt6UDh01vwNnWOU7AZuc=,jkLb8WeS/Z2yX04akAMxA04JG0g=
-10,-4,5wUagLlDt6UDh01vwNnWOU7AZuc=,9vutjYm224D5+T/gyGKC51axNuc=
-13,-3,5wUagLlDt6UDh01vwNnWOU7AZuc=,jkLb8WeS/Z2yX04akAMxA04JG0g=
-7,-1,5wUagLlDt6UDh01vwNnWOU7AZuc=,7WedLruiU060X9qW77Ah1vUydSw=
-8,-3,5wUagLlDt6UDh01vwNnWOU7AZuc=,7WedLruiU060X9qW77Ah1vUydSw=
-6,-1,5wUagLlDt6UDh01vwNnWOU7AZuc=,7WedLruiU060X9qW77Ah1vUydSw=
-9,-4,5wUagLlDt6UDh01vwNnWOU7AZuc=,9vutjYm224D5+T/gyGKC51axNuc=
-9,-2,5wUagLlDt6UDh01vwNnWOU7AZuc=,9vutjYm224D5+T/gyGKC51axNuc=
-11,-4,5wUagLlDt6UDh01vwNnWOU7AZuc=,9vutjYm224D5+T/gyGKC51axNuc=
-10,-2,5wUagLlDt6UDh01vwNnWOU7AZuc=,9vutjYm224D5+T/gyGKC51axNuc=
-12,-2,5wUagLlDt6UDh01vwNnWOU7AZuc=,9vutjYm224D5+T/gyGKC51axNuc=
-9,-5,5wUagLlDt6UDh01vwNnWOU7AZuc=,FN+lQjAQqPV9d1KxzCcq/TEZlnE=
-9,-3,5wUagLlDt6UDh01vwNnWOU7AZuc=,9vutjYm224D5+T/gyGKC51axNuc=
-8,-4,5wUagLlDt6UDh01vwNnWOU7AZuc=,7WedLruiU060X9qW77Ah1vUydSw=
-11,-2,5wUagLlDt6UDh01vwNnWOU7AZuc=,9vutjYm224D5+T/gyGKC51axNuc=
-8,-2,5wUagLlDt6UDh01vwNnWOU7AZuc=,7WedLruiU060X9qW77Ah1vUydSw=
-8,-5,5wUagLlDt6UDh01vwNnWOU7AZuc=,oAenFkLH4sWvwm71YGM3jmiy2Gk=
-1,-10,5wUagLlDt6UDh01vwNnWOU7AZuc=,IWHz2LS91Lmhm+pDdRPl0Z+FT3U=
-1,-11,5wUagLlDt6UDh01vwNnWOU7AZuc=,IWHz2LS91Lmhm+pDdRPl0Z+FT3U=
-10,-3,5wUagLlDt6UDh01vwNnWOU7AZuc=,9vutjYm224D5+T/gyGKC51axNuc=
-12,-3,5wUagLlDt6UDh01vwNnWOU7AZuc=,9vutjYm224D5+T/gyGKC51axNuc=
-1,-9,5wUagLlDt6UDh01vwNnWOU7AZuc=,IWHz2LS91Lmhm+pDdRPl0Z+FT3U=
-11,-3,5wUagLlDt6UDh01vwNnWOU7AZuc=,9vutjYm224D5+T/gyGKC51axNuc=
-1,-6,5wUagLlDt6UDh01vwNnWOU7AZuc=,qeMLrk7+UfdhGM5eLwB0WfZVY54=
-1,-8,5wUagLlDt6UDh01vwNnWOU7AZuc=,qeMLrk7+UfdhGM5eLwB0WfZVY54=
-8,-1,5wUagLlDt6UDh01vwNnWOU7AZuc=,7WedLruiU060X9qW77Ah1vUydSw=
-1,-7,5wUagLlDt6UDh01vwNnWOU7AZuc=,qeMLrk7+UfdhGM5eLwB0WfZVY54=
-11,-1,5wUagLlDt6UDh01vwNnWOU7AZuc=,9vutjYm224D5+T/gyGKC51axNuc=
-10,-1,5wUagLlDt6UDh01vwNnWOU7AZuc=,9vutjYm224D5+T/gyGKC51axNuc=
-8,-16,5wUagLlDt6UDh01vwNnWOU7AZuc=,edJoK1KsypNiIrD0WDYdVCRvpIU=
-7,-16,5wUagLlDt6UDh01vwNnWOU7AZuc=,edJoK1KsypNiIrD0WDYdVCRvpIU=
-11,-16,5wUagLlDt6UDh01vwNnWOU7AZuc=,7X1V7P6Js6nMI6zEG0g2qcn6jPk=
-10,-16,5wUagLlDt6UDh01vwNnWOU7AZuc=,7X1V7P6Js6nMI6zEG0g2qcn6jPk=
-9,-16,5wUagLlDt6UDh01vwNnWOU7AZuc=,7X1V7P6Js6nMI6zEG0g2qcn6jPk=
-12,-15,5wUagLlDt6UDh01vwNnWOU7AZuc=,7X1V7P6Js6nMI6zEG0g2qcn6jPk=
-12,-14,5wUagLlDt6UDh01vwNnWOU7AZuc=,7X1V7P6Js6nMI6zEG0g2qcn6jPk=
-9,-1,5wUagLlDt6UDh01vwNnWOU7AZuc=,9vutjYm224D5+T/gyGKC51axNuc=
-12,-13,5wUagLlDt6UDh01vwNnWOU7AZuc=,7X1V7P6Js6nMI6zEG0g2qcn6jPk=
-12,-5,5wUagLlDt6UDh01vwNnWOU7AZuc=,FN+lQjAQqPV9d1KxzCcq/TEZlnE=
-6,-16,5wUagLlDt6UDh01vwNnWOU7AZuc=,edJoK1KsypNiIrD0WDYdVCRvpIU=
-15,-4,5wUagLlDt6UDh01vwNnWOU7AZuc=,jkLb8WeS/Z2yX04akAMxA04JG0g=
-12,-6,5wUagLlDt6UDh01vwNnWOU7AZuc=,FN+lQjAQqPV9d1KxzCcq/TEZlnE=
-12,-7,5wUagLlDt6UDh01vwNnWOU7AZuc=,FN+lQjAQqPV9d1KxzCcq/TEZlnE=
-14,-4,5wUagLlDt6UDh01vwNnWOU7AZuc=,jkLb8WeS/Z2yX04akAMxA04JG0g=
-13,-4,5wUagLlDt6UDh01vwNnWOU7AZuc=,jkLb8WeS/Z2yX04akAMxA04JG0g=
-12,-11,5wUagLlDt6UDh01vwNnWOU7AZuc=,/dxOhfEF3qLfVY8QZrIumm0w8ro=
-12,-8,5wUagLlDt6UDh01vwNnWOU7AZuc=,FN+lQjAQqPV9d1KxzCcq/TEZlnE=
-12,-12,5wUagLlDt6UDh01vwNnWOU7AZuc=,/dxOhfEF3qLfVY8QZrIumm0w8ro=
-12,-9,5wUagLlDt6UDh01vwNnWOU7AZuc=,/dxOhfEF3qLfVY8QZrIumm0w8ro=
-12,-10,5wUagLlDt6UDh01vwNnWOU7AZuc=,/dxOhfEF3qLfVY8QZrIumm0w8ro=
-12,-4,5wUagLlDt6UDh01vwNnWOU7AZuc=,9vutjYm224D5+T/gyGKC51axNuc=
-12,-16,5wUagLlDt6UDh01vwNnWOU7AZuc=,7X1V7P6Js6nMI6zEG0g2qcn6jPk=
-16,-4,5wUagLlDt6UDh01vwNnWOU7AZuc=,jkLb8WeS/Z2yX04akAMxA04JG0g=
-16,-3,5wUagLlDt6UDh01vwNnWOU7AZuc=,jkLb8WeS/Z2yX04akAMxA04JG0g=
-12,-1,5wUagLlDt6UDh01vwNnWOU7AZuc=,9vutjYm224D5+T/gyGKC51axNuc=
-15,-1,5wUagLlDt6UDh01vwNnWOU7AZuc=,jkLb8WeS/Z2yX04akAMxA04JG0g=
-16,-2,5wUagLlDt6UDh01vwNnWOU7AZuc=,jkLb8WeS/Z2yX04akAMxA04JG0g=
-14,-1,5wUagLlDt6UDh01vwNnWOU7AZuc=,jkLb8WeS/Z2yX04akAMxA04JG0g=
-1,-2,5wUagLlDt6UDh01vwNnWOU7AZuc=,8NujtYTHQd14XVxdZdvLizmSCrs=
-13,-1,5wUagLlDt6UDh01vwNnWOU7AZuc=,jkLb8WeS/Z2yX04akAMxA04JG0g=
-1,-5,5wUagLlDt6UDh01vwNnWOU7AZuc=,qeMLrk7+UfdhGM5eLwB0WfZVY54=
-1,-1,5wUagLlDt6UDh01vwNnWOU7AZuc=,8NujtYTHQd14XVxdZdvLizmSCrs=
-16,-1,5wUagLlDt6UDh01vwNnWOU7AZuc=,jkLb8WeS/Z2yX04akAMxA04JG0g=
-4,-4,5wUagLlDt6UDh01vwNnWOU7AZuc=,8NujtYTHQd14XVxdZdvLizmSCrs=
-1,-3,5wUagLlDt6UDh01vwNnWOU7AZuc=,8NujtYTHQd14XVxdZdvLizmSCrs=
-3,-1,5wUagLlDt6UDh01vwNnWOU7AZuc=,8NujtYTHQd14XVxdZdvLizmSCrs=
-3,-2,5wUagLlDt6UDh01vwNnWOU7AZuc=,8NujtYTHQd14XVxdZdvLizmSCrs=
-5,-4,5wUagLlDt6UDh01vwNnWOU7AZuc=,7WedLruiU060X9qW77Ah1vUydSw=
-4,-2,5wUagLlDt6UDh01vwNnWOU7AZuc=,8NujtYTHQd14XVxdZdvLizmSCrs=
-4,-1,5wUagLlDt6UDh01vwNnWOU7AZuc=,8NujtYTHQd14XVxdZdvLizmSCrs=
-5,-3,5wUagLlDt6UDh01vwNnWOU7AZuc=,7WedLruiU060X9qW77Ah1vUydSw=
-5,-5,5wUagLlDt6UDh01vwNnWOU7AZuc=,oAenFkLH4sWvwm71YGM3jmiy2Gk=
-2,-5,5wUagLlDt6UDh01vwNnWOU7AZuc=,qeMLrk7+UfdhGM5eLwB0WfZVY54=
-2,-4,5wUagLlDt6UDh01vwNnWOU7AZuc=,8NujtYTHQd14XVxdZdvLizmSCrs=
-2,-2,5wUagLlDt6UDh01vwNnWOU7AZuc=,8NujtYTHQd14XVxdZdvLizmSCrs=
-5,-2,5wUagLlDt6UDh01vwNnWOU7AZuc=,7WedLruiU060X9qW77Ah1vUydSw=
-3,-4,5wUagLlDt6UDh01vwNnWOU7AZuc=,8NujtYTHQd14XVxdZdvLizmSCrs=
-1,-4,5wUagLlDt6UDh01vwNnWOU7AZuc=,8NujtYTHQd14XVxdZdvLizmSCrs=
-3,-3,5wUagLlDt6UDh01vwNnWOU7AZuc=,8NujtYTHQd14XVxdZdvLizmSCrs=
-2,-3,5wUagLlDt6UDh01vwNnWOU7AZuc=,8NujtYTHQd14XVxdZdvLizmSCrs=
-3,-5,5wUagLlDt6UDh01vwNnWOU7AZuc=,qeMLrk7+UfdhGM5eLwB0WfZVY54=
-4,-5,5wUagLlDt6UDh01vwNnWOU7AZuc=,qeMLrk7+UfdhGM5eLwB0WfZVY54=
-2,-1,5wUagLlDt6UDh01vwNnWOU7AZuc=,8NujtYTHQd14XVxdZdvLizmSCrs=
-4,-3,5wUagLlDt6UDh01vwNnWOU7AZuc=,8NujtYTHQd14XVxdZdvLizmSCrs=
-5,-1,5wUagLlDt6UDh01vwNnWOU7AZuc=,7WedLruiU060X9qW77Ah1vUydSw=
-1,-15,5wUagLlDt6UDh01vwNnWOU7AZuc=,R045QOEMLHDCatupq90Yf6wkxfc=
-2,-15,5wUagLlDt6UDh01vwNnWOU7AZuc=,R045QOEMLHDCatupq90Yf6wkxfc=
-1,-12,5wUagLlDt6UDh01vwNnWOU7AZuc=,IWHz2LS91Lmhm+pDdRPl0Z+FT3U=
-3,-14,5wUagLlDt6UDh01vwNnWOU7AZuc=,R045QOEMLHDCatupq90Yf6wkxfc=
-1,-14,5wUagLlDt6UDh01vwNnWOU7AZuc=,R045QOEMLHDCatupq90Yf6wkxfc=
-2,-14,5wUagLlDt6UDh01vwNnWOU7AZuc=,R045QOEMLHDCatupq90Yf6wkxfc=
-3,-15,5wUagLlDt6UDh01vwNnWOU7AZuc=,R045QOEMLHDCatupq90Yf6wkxfc=
-1,-13,5wUagLlDt6UDh01vwNnWOU7AZuc=,R045QOEMLHDCatupq90Yf6wkxfc=
-4,-14,5wUagLlDt6UDh01vwNnWOU7AZuc=,R045QOEMLHDCatupq90Yf6wkxfc=
-2,-13,5wUagLlDt6UDh01vwNnWOU7AZuc=,R045QOEMLHDCatupq90Yf6wkxfc=
-2,-12,5wUagLlDt6UDh01vwNnWOU7AZuc=,IWHz2LS91Lmhm+pDdRPl0Z+FT3U=
-3,-12,5wUagLlDt6UDh01vwNnWOU7AZuc=,IWHz2LS91Lmhm+pDdRPl0Z+FT3U=
-3,-13,5wUagLlDt6UDh01vwNnWOU7AZuc=,R045QOEMLHDCatupq90Yf6wkxfc=
-5,-15,5wUagLlDt6UDh01vwNnWOU7AZuc=,edJoK1KsypNiIrD0WDYdVCRvpIU=
-5,-14,5wUagLlDt6UDh01vwNnWOU7AZuc=,edJoK1KsypNiIrD0WDYdVCRvpIU=
-5,-12,5wUagLlDt6UDh01vwNnWOU7AZuc=,BlywQQe0mju2sf0iqNvCxmpHWDM=
-1,-16,5wUagLlDt6UDh01vwNnWOU7AZuc=,R045QOEMLHDCatupq90Yf6wkxfc=
-4,-13,5wUagLlDt6UDh01vwNnWOU7AZuc=,R045QOEMLHDCatupq90Yf6wkxfc=
-4,-15,5wUagLlDt6UDh01vwNnWOU7AZuc=,R045QOEMLHDCatupq90Yf6wkxfc=
-4,-12,5wUagLlDt6UDh01vwNnWOU7AZuc=,IWHz2LS91Lmhm+pDdRPl0Z+FT3U=
-5,-16,5wUagLlDt6UDh01vwNnWOU7AZuc=,edJoK1KsypNiIrD0WDYdVCRvpIU=
-5,-13,5wUagLlDt6UDh01vwNnWOU7AZuc=,edJoK1KsypNiIrD0WDYdVCRvpIU=
-4,-16,5wUagLlDt6UDh01vwNnWOU7AZuc=,R045QOEMLHDCatupq90Yf6wkxfc=
-3,-16,5wUagLlDt6UDh01vwNnWOU7AZuc=,R045QOEMLHDCatupq90Yf6wkxfc=
-2,-16,5wUagLlDt6UDh01vwNnWOU7AZuc=,R045QOEMLHDCatupq90Yf6wkxfc=
-7,-18,9GG1Z9MlwI+95AzRRH7T21at9MU=,StsruWz8D/7izBgNkPsVLEkW2Ko=
-6,-19,9GG1Z9MlwI+95AzRRH7T21at9MU=,StsruWz8D/7izBgNkPsVLEkW2Ko=
-7,-19,9GG1Z9MlwI+95AzRRH7T21at9MU=,StsruWz8D/7izBgNkPsVLEkW2Ko=
-6,-18,9GG1Z9MlwI+95AzRRH7T21at9MU=,StsruWz8D/7izBgNkPsVLEkW2Ko=
-8,-18,9GG1Z9MlwI+95AzRRH7T21at9MU=,StsruWz8D/7izBgNkPsVLEkW2Ko=
-8,-19,9GG1Z9MlwI+95AzRRH7T21at9MU=,StsruWz8D/7izBgNkPsVLEkW2Ko=
-7,-17,9GG1Z9MlwI+95AzRRH7T21at9MU=,StsruWz8D/7izBgNkPsVLEkW2Ko=
-6,-17,9GG1Z9MlwI+95AzRRH7T21at9MU=,StsruWz8D/7izBgNkPsVLEkW2Ko=
-8,-17,9GG1Z9MlwI+95AzRRH7T21at9MU=,StsruWz8D/7izBgNkPsVLEkW2Ko=
-13,-23,9GG1Z9MlwI+95AzRRH7T21at9MU=,0pfuTf1QX5knpOMhhvUYBgt+C5A=
-16,-22,9GG1Z9MlwI+95AzRRH7T21at9MU=,0pfuTf1QX5knpOMhhvUYBgt+C5A=
-15,-24,9GG1Z9MlwI+95AzRRH7T21at9MU=,0pfuTf1QX5knpOMhhvUYBgt+C5A=
-15,-22,9GG1Z9MlwI+95AzRRH7T21at9MU=,0pfuTf1QX5knpOMhhvUYBgt+C5A=
-14,-22,9GG1Z9MlwI+95AzRRH7T21at9MU=,0pfuTf1QX5knpOMhhvUYBgt+C5A=
-13,-22,9GG1Z9MlwI+95AzRRH7T21at9MU=,0pfuTf1QX5knpOMhhvUYBgt+C5A=
-13,-24,9GG1Z9MlwI+95AzRRH7T21at9MU=,0pfuTf1QX5knpOMhhvUYBgt+C5A=
-16,-24,9GG1Z9MlwI+95AzRRH7T21at9MU=,0pfuTf1QX5knpOMhhvUYBgt+C5A=
-14,-24,9GG1Z9MlwI+95AzRRH7T21at9MU=,0pfuTf1QX5knpOMhhvUYBgt+C5A=
-16,-23,9GG1Z9MlwI+95AzRRH7T21at9MU=,0pfuTf1QX5knpOMhhvUYBgt+C5A=
-15,-23,9GG1Z9MlwI+95AzRRH7T21at9MU=,0pfuTf1QX5knpOMhhvUYBgt+C5A=
-14,-23,9GG1Z9MlwI+95AzRRH7T21at9MU=,0pfuTf1QX5knpOMhhvUYBgt+C5A=
-6,-20,9GG1Z9MlwI+95AzRRH7T21at9MU=,StsruWz8D/7izBgNkPsVLEkW2Ko=
-8,-20,9GG1Z9MlwI+95AzRRH7T21at9MU=,StsruWz8D/7izBgNkPsVLEkW2Ko=
-7,-20,9GG1Z9MlwI+95AzRRH7T21at9MU=,StsruWz8D/7izBgNkPsVLEkW2Ko=
-13,-18,9GG1Z9MlwI+95AzRRH7T21at9MU=,Q4AOCCq3e8e8xSnuBTUu6jes2ho=
-14,-18,9GG1Z9MlwI+95AzRRH7T21at9MU=,Q4AOCCq3e8e8xSnuBTUu6jes2ho=
-13,-19,9GG1Z9MlwI+95AzRRH7T21at9MU=,Q4AOCCq3e8e8xSnuBTUu6jes2ho=
-14,-19,9GG1Z9MlwI+95AzRRH7T21at9MU=,Q4AOCCq3e8e8xSnuBTUu6jes2ho=
-13,-20,9GG1Z9MlwI+95AzRRH7T21at9MU=,Q4AOCCq3e8e8xSnuBTUu6jes2ho=
-14,-20,9GG1Z9MlwI+95AzRRH7T21at9MU=,Q4AOCCq3e8e8xSnuBTUu6jes2ho=
-13,-17,9GG1Z9MlwI+95AzRRH7T21at9MU=,Q4AOCCq3e8e8xSnuBTUu6jes2ho=
-14,-17,9GG1Z9MlwI+95AzRRH7T21at9MU=,Q4AOCCq3e8e8xSnuBTUu6jes2ho=
-13,-21,9GG1Z9MlwI+95AzRRH7T21at9MU=,0pfuTf1QX5knpOMhhvUYBgt+C5A=
-15,-17,9GG1Z9MlwI+95AzRRH7T21at9MU=,Q4AOCCq3e8e8xSnuBTUu6jes2ho=
-14,-21,9GG1Z9MlwI+95AzRRH7T21at9MU=,0pfuTf1QX5knpOMhhvUYBgt+C5A=
-15,-18,9GG1Z9MlwI+95AzRRH7T21at9MU=,Q4AOCCq3e8e8xSnuBTUu6jes2ho=
-16,-17,9GG1Z9MlwI+95AzRRH7T21at9MU=,Q4AOCCq3e8e8xSnuBTUu6jes2ho=
-16,-19,9GG1Z9MlwI+95AzRRH7T21at9MU=,Q4AOCCq3e8e8xSnuBTUu6jes2ho=
-16,-20,9GG1Z9MlwI+95AzRRH7T21at9MU=,Q4AOCCq3e8e8xSnuBTUu6jes2ho=
-15,-20,9GG1Z9MlwI+95AzRRH7T21at9MU=,Q4AOCCq3e8e8xSnuBTUu6jes2ho=
-16,-21,9GG1Z9MlwI+95AzRRH7T21at9MU=,0pfuTf1QX5knpOMhhvUYBgt+C5A=
-15,-19,9GG1Z9MlwI+95AzRRH7T21at9MU=,Q4AOCCq3e8e8xSnuBTUu6jes2ho=
-15,-21,9GG1Z9MlwI+95AzRRH7T21at9MU=,0pfuTf1QX5knpOMhhvUYBgt+C5A=
-16,-18,9GG1Z9MlwI+95AzRRH7T21at9MU=,Q4AOCCq3e8e8xSnuBTUu6jes2ho=
-5,-19,9GG1Z9MlwI+95AzRRH7T21at9MU=,StsruWz8D/7izBgNkPsVLEkW2Ko=
-1,-19,9GG1Z9MlwI+95AzRRH7T21at9MU=,dq1k2hwSTC3PBSyTRp4QLnVI2oI=
-2,-20,9GG1Z9MlwI+95AzRRH7T21at9MU=,dq1k2hwSTC3PBSyTRp4QLnVI2oI=
-4,-20,9GG1Z9MlwI+95AzRRH7T21at9MU=,dq1k2hwSTC3PBSyTRp4QLnVI2oI=
-4,-19,9GG1Z9MlwI+95AzRRH7T21at9MU=,dq1k2hwSTC3PBSyTRp4QLnVI2oI=
-5,-20,9GG1Z9MlwI+95AzRRH7T21at9MU=,StsruWz8D/7izBgNkPsVLEkW2Ko=
-1,-20,9GG1Z9MlwI+95AzRRH7T21at9MU=,dq1k2hwSTC3PBSyTRp4QLnVI2oI=
-3,-20,9GG1Z9MlwI+95AzRRH7T21at9MU=,dq1k2hwSTC3PBSyTRp4QLnVI2oI=
-5,-18,9GG1Z9MlwI+95AzRRH7T21at9MU=,StsruWz8D/7izBgNkPsVLEkW2Ko=
-4,-18,9GG1Z9MlwI+95AzRRH7T21at9MU=,dq1k2hwSTC3PBSyTRp4QLnVI2oI=
-3,-19,9GG1Z9MlwI+95AzRRH7T21at9MU=,dq1k2hwSTC3PBSyTRp4QLnVI2oI=
-2,-19,9GG1Z9MlwI+95AzRRH7T21at9MU=,dq1k2hwSTC3PBSyTRp4QLnVI2oI=
-5,-17,9GG1Z9MlwI+95AzRRH7T21at9MU=,StsruWz8D/7izBgNkPsVLEkW2Ko=
-3,-18,9GG1Z9MlwI+95AzRRH7T21at9MU=,dq1k2hwSTC3PBSyTRp4QLnVI2oI=
-4,-17,9GG1Z9MlwI+95AzRRH7T21at9MU=,dq1k2hwSTC3PBSyTRp4QLnVI2oI=
-1,-18,9GG1Z9MlwI+95AzRRH7T21at9MU=,dq1k2hwSTC3PBSyTRp4QLnVI2oI=
-1,-17,9GG1Z9MlwI+95AzRRH7T21at9MU=,dq1k2hwSTC3PBSyTRp4QLnVI2oI=
-3,-17,9GG1Z9MlwI+95AzRRH7T21at9MU=,dq1k2hwSTC3PBSyTRp4QLnVI2oI=
-2,-18,9GG1Z9MlwI+95AzRRH7T21at9MU=,dq1k2hwSTC3PBSyTRp4QLnVI2oI=
-2,-17,9GG1Z9MlwI+95AzRRH7T21at9MU=,dq1k2hwSTC3PBSyTRp4QLnVI2oI=
-22,-24,Vnv2WU++vbh6imQlqqU/kyBbDGY=,gpyRdavUmpywOKiYTY8Dwxq5V2M=
-23,-24,O/1d7SaVjeto7i+GZBAeyxisZj0=,gpyRdavUmpywOKiYTY8Dwxq5V2M=
-22,-23,O/1d7SaVjeto7i+GZBAeyxisZj0=,gpyRdavUmpywOKiYTY8Dwxq5V2M=
-23,-23,O/1d7SaVjeto7i+GZBAeyxisZj0=,gpyRdavUmpywOKiYTY8Dwxq5V2M=
-23,-22,O/1d7SaVjeto7i+GZBAeyxisZj0=,gpyRdavUmpywOKiYTY8Dwxq5V2M=
-20,-22,O/1d7SaVjeto7i+GZBAeyxisZj0=,UwU0KYFKruzQl2Zxs7/Zg7H+d+4=
-22,-22,O/1d7SaVjeto7i+GZBAeyxisZj0=,gpyRdavUmpywOKiYTY8Dwxq5V2M=
-20,-23,O/1d7SaVjeto7i+GZBAeyxisZj0=,UwU0KYFKruzQl2Zxs7/Zg7H+d+4=
-21,-22,O/1d7SaVjeto7i+GZBAeyxisZj0=,gpyRdavUmpywOKiYTY8Dwxq5V2M=
-19,-23,O/1d7SaVjeto7i+GZBAeyxisZj0=,UwU0KYFKruzQl2Zxs7/Zg7H+d+4=
-18,-23,O/1d7SaVjeto7i+GZBAeyxisZj0=,UwU0KYFKruzQl2Zxs7/Zg7H+d+4=
-21,-23,O/1d7SaVjeto7i+GZBAeyxisZj0=,gpyRdavUmpywOKiYTY8Dwxq5V2M=
-18,-22,O/1d7SaVjeto7i+GZBAeyxisZj0=,UwU0KYFKruzQl2Zxs7/Zg7H+d+4=
-19,-22,O/1d7SaVjeto7i+GZBAeyxisZj0=,UwU0KYFKruzQl2Zxs7/Zg7H+d+4=
-24,-23,O/1d7SaVjeto7i+GZBAeyxisZj0=,gpyRdavUmpywOKiYTY8Dwxq5V2M=
-24,-22,O/1d7SaVjeto7i+GZBAeyxisZj0=,gpyRdavUmpywOKiYTY8Dwxq5V2M=
-17,-22,O/1d7SaVjeto7i+GZBAeyxisZj0=,UwU0KYFKruzQl2Zxs7/Zg7H+d+4=
-24,-24,O/1d7SaVjeto7i+GZBAeyxisZj0=,gpyRdavUmpywOKiYTY8Dwxq5V2M=
-17,-23,O/1d7SaVjeto7i+GZBAeyxisZj0=,UwU0KYFKruzQl2Zxs7/Zg7H+d+4=
-18,-24,O/1d7SaVjeto7i+GZBAeyxisZj0=,UwU0KYFKruzQl2Zxs7/Zg7H+d+4=
-21,-24,O/1d7SaVjeto7i+GZBAeyxisZj0=,gpyRdavUmpywOKiYTY8Dwxq5V2M=
-20,-24,O/1d7SaVjeto7i+GZBAeyxisZj0=,UwU0KYFKruzQl2Zxs7/Zg7H+d+4=
-19,-24,O/1d7SaVjeto7i+GZBAeyxisZj0=,UwU0KYFKruzQl2Zxs7/Zg7H+d+4=
-17,-24,O/1d7SaVjeto7i+GZBAeyxisZj0=,UwU0KYFKruzQl2Zxs7/Zg7H+d+4=
-26,-20,O/1d7SaVjeto7i+GZBAeyxisZj0=,RR58pGvKkIhlUZu8L7aqIA1U9+k=
-28,-19,O/1d7SaVjeto7i+GZBAeyxisZj0=,RR58pGvKkIhlUZu8L7aqIA1U9+k=
-27,-19,O/1d7SaVjeto7i+GZBAeyxisZj0=,RR58pGvKkIhlUZu8L7aqIA1U9+k=
-26,-19,O/1d7SaVjeto7i+GZBAeyxisZj0=,RR58pGvKkIhlUZu8L7aqIA1U9+k=
-28,-18,O/1d7SaVjeto7i+GZBAeyxisZj0=,RR58pGvKkIhlUZu8L7aqIA1U9+k=
-27,-18,O/1d7SaVjeto7i+GZBAeyxisZj0=,RR58pGvKkIhlUZu8L7aqIA1U9+k=
-26,-18,O/1d7SaVjeto7i+GZBAeyxisZj0=,RR58pGvKkIhlUZu8L7aqIA1U9+k=
-28,-17,O/1d7SaVjeto7i+GZBAeyxisZj0=,RR58pGvKkIhlUZu8L7aqIA1U9+k=
-28,-20,O/1d7SaVjeto7i+GZBAeyxisZj0=,RR58pGvKkIhlUZu8L7aqIA1U9+k=
-27,-20,O/1d7SaVjeto7i+GZBAeyxisZj0=,RR58pGvKkIhlUZu8L7aqIA1U9+k=
-27,-17,O/1d7SaVjeto7i+GZBAeyxisZj0=,RR58pGvKkIhlUZu8L7aqIA1U9+k=
-26,-17,O/1d7SaVjeto7i+GZBAeyxisZj0=,RR58pGvKkIhlUZu8L7aqIA1U9+k=
-18,-18,O/1d7SaVjeto7i+GZBAeyxisZj0=,ibqNezZdo2snn/JcsolNtWeWNI8=
-19,-21,O/1d7SaVjeto7i+GZBAeyxisZj0=,UwU0KYFKruzQl2Zxs7/Zg7H+d+4=
-17,-18,O/1d7SaVjeto7i+GZBAeyxisZj0=,ibqNezZdo2snn/JcsolNtWeWNI8=
-18,-17,O/1d7SaVjeto7i+GZBAeyxisZj0=,ibqNezZdo2snn/JcsolNtWeWNI8=
-17,-19,O/1d7SaVjeto7i+GZBAeyxisZj0=,ibqNezZdo2snn/JcsolNtWeWNI8=
-19,-18,O/1d7SaVjeto7i+GZBAeyxisZj0=,ibqNezZdo2snn/JcsolNtWeWNI8=
-19,-17,O/1d7SaVjeto7i+GZBAeyxisZj0=,ibqNezZdo2snn/JcsolNtWeWNI8=
-18,-19,O/1d7SaVjeto7i+GZBAeyxisZj0=,ibqNezZdo2snn/JcsolNtWeWNI8=
-17,-20,O/1d7SaVjeto7i+GZBAeyxisZj0=,ibqNezZdo2snn/JcsolNtWeWNI8=
-18,-21,O/1d7SaVjeto7i+GZBAeyxisZj0=,UwU0KYFKruzQl2Zxs7/Zg7H+d+4=
-17,-21,O/1d7SaVjeto7i+GZBAeyxisZj0=,UwU0KYFKruzQl2Zxs7/Zg7H+d+4=
-19,-19,O/1d7SaVjeto7i+GZBAeyxisZj0=,ibqNezZdo2snn/JcsolNtWeWNI8=
-19,-20,O/1d7SaVjeto7i+GZBAeyxisZj0=,ibqNezZdo2snn/JcsolNtWeWNI8=
-17,-17,O/1d7SaVjeto7i+GZBAeyxisZj0=,ibqNezZdo2snn/JcsolNtWeWNI8=
-18,-20,O/1d7SaVjeto7i+GZBAeyxisZj0=,ibqNezZdo2snn/JcsolNtWeWNI8=
-23,-18,O/1d7SaVjeto7i+GZBAeyxisZj0=,aEy2bKBDiz7jlQp6TXao53axMZo=
-21,-21,O/1d7SaVjeto7i+GZBAeyxisZj0=,gpyRdavUmpywOKiYTY8Dwxq5V2M=
-22,-21,O/1d7SaVjeto7i+GZBAeyxisZj0=,gpyRdavUmpywOKiYTY8Dwxq5V2M=
-24,-21,O/1d7SaVjeto7i+GZBAeyxisZj0=,gpyRdavUmpywOKiYTY8Dwxq5V2M=
-21,-17,O/1d7SaVjeto7i+GZBAeyxisZj0=,aEy2bKBDiz7jlQp6TXao53axMZo=
-22,-17,O/1d7SaVjeto7i+GZBAeyxisZj0=,aEy2bKBDiz7jlQp6TXao53axMZo=
-20,-20,O/1d7SaVjeto7i+GZBAeyxisZj0=,ibqNezZdo2snn/JcsolNtWeWNI8=
-25,-19,O/1d7SaVjeto7i+GZBAeyxisZj0=,RR58pGvKkIhlUZu8L7aqIA1U9+k=
-25,-20,O/1d7SaVjeto7i+GZBAeyxisZj0=,RR58pGvKkIhlUZu8L7aqIA1U9+k=
-23,-17,O/1d7SaVjeto7i+GZBAeyxisZj0=,aEy2bKBDiz7jlQp6TXao53axMZo=
-24,-17,O/1d7SaVjeto7i+GZBAeyxisZj0=,aEy2bKBDiz7jlQp6TXao53axMZo=
-20,-21,O/1d7SaVjeto7i+GZBAeyxisZj0=,UwU0KYFKruzQl2Zxs7/Zg7H+d+4=
-24,-20,O/1d7SaVjeto7i+GZBAeyxisZj0=,aEy2bKBDiz7jlQp6TXao53axMZo=
-23,-21,O/1d7SaVjeto7i+GZBAeyxisZj0=,gpyRdavUmpywOKiYTY8Dwxq5V2M=
-20,-17,O/1d7SaVjeto7i+GZBAeyxisZj0=,ibqNezZdo2snn/JcsolNtWeWNI8=
-22,-18,O/1d7SaVjeto7i+GZBAeyxisZj0=,aEy2bKBDiz7jlQp6TXao53axMZo=
-21,-20,O/1d7SaVjeto7i+GZBAeyxisZj0=,aEy2bKBDiz7jlQp6TXao53axMZo=
-20,-18,O/1d7SaVjeto7i+GZBAeyxisZj0=,ibqNezZdo2snn/JcsolNtWeWNI8=
-21,-18,O/1d7SaVjeto7i+GZBAeyxisZj0=,aEy2bKBDiz7jlQp6TXao53axMZo=
-24,-18,O/1d7SaVjeto7i+GZBAeyxisZj0=,aEy2bKBDiz7jlQp6TXao53axMZo=
-22,-20,O/1d7SaVjeto7i+GZBAeyxisZj0=,aEy2bKBDiz7jlQp6TXao53axMZo=
-23,-20,O/1d7SaVjeto7i+GZBAeyxisZj0=,aEy2bKBDiz7jlQp6TXao53axMZo=
-25,-18,O/1d7SaVjeto7i+GZBAeyxisZj0=,RR58pGvKkIhlUZu8L7aqIA1U9+k=
-21,-19,O/1d7SaVjeto7i+GZBAeyxisZj0=,aEy2bKBDiz7jlQp6TXao53axMZo=
-23,-19,O/1d7SaVjeto7i+GZBAeyxisZj0=,aEy2bKBDiz7jlQp6TXao53axMZo=
-24,-19,O/1d7SaVjeto7i+GZBAeyxisZj0=,aEy2bKBDiz7jlQp6TXao53axMZo=
-25,-17,O/1d7SaVjeto7i+GZBAeyxisZj0=,RR58pGvKkIhlUZu8L7aqIA1U9+k=
-22,-19,O/1d7SaVjeto7i+GZBAeyxisZj0=,aEy2bKBDiz7jlQp6TXao53axMZo=
-20,-19,O/1d7SaVjeto7i+GZBAeyxisZj0=,ibqNezZdo2snn/JcsolNtWeWNI8=
-22,-6,O/1d7SaVjeto7i+GZBAeyxisZj0=,pZD+wUR7iGwf151kUFWinw6MHxg=
-23,-6,O/1d7SaVjeto7i+GZBAeyxisZj0=,pZD+wUR7iGwf151kUFWinw6MHxg=
-23,-7,uvhGxD8t1lEY04yAw1iltefj36w=,pZD+wUR7iGwf151kUFWinw6MHxg=
-22,-7,wQpQwMf1XEJdIpWCBQNAAIG/VBU=,pZD+wUR7iGwf151kUFWinw6MHxg=
-27,-11,5q0HXmudZ+r3KJnwwuTeWNbTCEo=,P1ZFFGQh70PyTeTh95sRGOD/c04=
-26,-11,3bg6sICDSDSJzn0Dw76Qg2gpjPM=,P1ZFFGQh70PyTeTh95sRGOD/c04=
-26,-10,3bg6sICDSDSJzn0Dw76Qg2gpjPM=,P1ZFFGQh70PyTeTh95sRGOD/c04=
-27,-10,3bg6sICDSDSJzn0Dw76Qg2gpjPM=,P1ZFFGQh70PyTeTh95sRGOD/c04=
-28,-11,3bg6sICDSDSJzn0Dw76Qg2gpjPM=,P1ZFFGQh70PyTeTh95sRGOD/c04=
-30,-10,3bg6sICDSDSJzn0Dw76Qg2gpjPM=,ZiVfnmjI0+VKBgsDXTEjhkxFLO4=
-31,-11,3bg6sICDSDSJzn0Dw76Qg2gpjPM=,ZiVfnmjI0+VKBgsDXTEjhkxFLO4=
-31,-10,3bg6sICDSDSJzn0Dw76Qg2gpjPM=,ZiVfnmjI0+VKBgsDXTEjhkxFLO4=
-30,-11,3bg6sICDSDSJzn0Dw76Qg2gpjPM=,ZiVfnmjI0+VKBgsDXTEjhkxFLO4=
-28,-10,3bg6sICDSDSJzn0Dw76Qg2gpjPM=,P1ZFFGQh70PyTeTh95sRGOD/c04=
-29,-10,3bg6sICDSDSJzn0Dw76Qg2gpjPM=,ZiVfnmjI0+VKBgsDXTEjhkxFLO4=
-27,-8,3bg6sICDSDSJzn0Dw76Qg2gpjPM=,7rp05/KJ1ZpNncBSlUUriShN8is=
-26,-9,3bg6sICDSDSJzn0Dw76Qg2gpjPM=,P1ZFFGQh70PyTeTh95sRGOD/c04=
-24,-6,3bg6sICDSDSJzn0Dw76Qg2gpjPM=,pZD+wUR7iGwf151kUFWinw6MHxg=
-25,-7,3bg6sICDSDSJzn0Dw76Qg2gpjPM=,7rp05/KJ1ZpNncBSlUUriShN8is=
-27,-9,3bg6sICDSDSJzn0Dw76Qg2gpjPM=,P1ZFFGQh70PyTeTh95sRGOD/c04=
-25,-6,3bg6sICDSDSJzn0Dw76Qg2gpjPM=,7rp05/KJ1ZpNncBSlUUriShN8is=
-24,-7,3bg6sICDSDSJzn0Dw76Qg2gpjPM=,pZD+wUR7iGwf151kUFWinw6MHxg=
-26,-8,3bg6sICDSDSJzn0Dw76Qg2gpjPM=,7rp05/KJ1ZpNncBSlUUriShN8is=
-27,-7,3bg6sICDSDSJzn0Dw76Qg2gpjPM=,7rp05/KJ1ZpNncBSlUUriShN8is=
-26,-6,3bg6sICDSDSJzn0Dw76Qg2gpjPM=,7rp05/KJ1ZpNncBSlUUriShN8is=
-27,-6,3bg6sICDSDSJzn0Dw76Qg2gpjPM=,7rp05/KJ1ZpNncBSlUUriShN8is=
-29,-11,3bg6sICDSDSJzn0Dw76Qg2gpjPM=,ZiVfnmjI0+VKBgsDXTEjhkxFLO4=
-26,-7,3bg6sICDSDSJzn0Dw76Qg2gpjPM=,7rp05/KJ1ZpNncBSlUUriShN8is=
-22,-4,3bg6sICDSDSJzn0Dw76Qg2gpjPM=,A0FP69uWi5jK0mJBQk1ECs2kguE=
-22,-3,3bg6sICDSDSJzn0Dw76Qg2gpjPM=,A0FP69uWi5jK0mJBQk1ECs2kguE=
-23,-4,3bg6sICDSDSJzn0Dw76Qg2gpjPM=,A0FP69uWi5jK0mJBQk1ECs2kguE=
-23,-3,3bg6sICDSDSJzn0Dw76Qg2gpjPM=,A0FP69uWi5jK0mJBQk1ECs2kguE=
-22,-5,3bg6sICDSDSJzn0Dw76Qg2gpjPM=,pZD+wUR7iGwf151kUFWinw6MHxg=
-23,-5,3bg6sICDSDSJzn0Dw76Qg2gpjPM=,pZD+wUR7iGwf151kUFWinw6MHxg=
-22,-2,3bg6sICDSDSJzn0Dw76Qg2gpjPM=,A0FP69uWi5jK0mJBQk1ECs2kguE=
-21,-2,3bg6sICDSDSJzn0Dw76Qg2gpjPM=,A0FP69uWi5jK0mJBQk1ECs2kguE=
-23,-2,3bg6sICDSDSJzn0Dw76Qg2gpjPM=,A0FP69uWi5jK0mJBQk1ECs2kguE=
-19,-2,3bg6sICDSDSJzn0Dw76Qg2gpjPM=,+0YmTaSSFJQUpKz46FaRKTqOR7E=
-20,-3,3bg6sICDSDSJzn0Dw76Qg2gpjPM=,+0YmTaSSFJQUpKz46FaRKTqOR7E=
-19,-3,3bg6sICDSDSJzn0Dw76Qg2gpjPM=,+0YmTaSSFJQUpKz46FaRKTqOR7E=
-20,-2,3bg6sICDSDSJzn0Dw76Qg2gpjPM=,+0YmTaSSFJQUpKz46FaRKTqOR7E=
-21,-3,3bg6sICDSDSJzn0Dw76Qg2gpjPM=,A0FP69uWi5jK0mJBQk1ECs2kguE=
-18,-3,3bg6sICDSDSJzn0Dw76Qg2gpjPM=,+0YmTaSSFJQUpKz46FaRKTqOR7E=
-18,-2,3bg6sICDSDSJzn0Dw76Qg2gpjPM=,+0YmTaSSFJQUpKz46FaRKTqOR7E=
-25,-5,3bg6sICDSDSJzn0Dw76Qg2gpjPM=,7rp05/KJ1ZpNncBSlUUriShN8is=
-26,-2,3bg6sICDSDSJzn0Dw76Qg2gpjPM=,ora8jbbsIjwCeVBeAECcQQ6+6Dg=
-26,-3,3bg6sICDSDSJzn0Dw76Qg2gpjPM=,ora8jbbsIjwCeVBeAECcQQ6+6Dg=
-24,-4,3bg6sICDSDSJzn0Dw76Qg2gpjPM=,A0FP69uWi5jK0mJBQk1ECs2kguE=
-24,-3,3bg6sICDSDSJzn0Dw76Qg2gpjPM=,A0FP69uWi5jK0mJBQk1ECs2kguE=
-27,-2,3bg6sICDSDSJzn0Dw76Qg2gpjPM=,ora8jbbsIjwCeVBeAECcQQ6+6Dg=
-24,-5,3bg6sICDSDSJzn0Dw76Qg2gpjPM=,pZD+wUR7iGwf151kUFWinw6MHxg=
-27,-5,3bg6sICDSDSJzn0Dw76Qg2gpjPM=,7rp05/KJ1ZpNncBSlUUriShN8is=
-25,-4,3bg6sICDSDSJzn0Dw76Qg2gpjPM=,ora8jbbsIjwCeVBeAECcQQ6+6Dg=
-27,-3,3bg6sICDSDSJzn0Dw76Qg2gpjPM=,ora8jbbsIjwCeVBeAECcQQ6+6Dg=
-26,-5,3bg6sICDSDSJzn0Dw76Qg2gpjPM=,7rp05/KJ1ZpNncBSlUUriShN8is=
-27,-4,3bg6sICDSDSJzn0Dw76Qg2gpjPM=,ora8jbbsIjwCeVBeAECcQQ6+6Dg=
-26,-4,3bg6sICDSDSJzn0Dw76Qg2gpjPM=,ora8jbbsIjwCeVBeAECcQQ6+6Dg=
-24,-2,3bg6sICDSDSJzn0Dw76Qg2gpjPM=,A0FP69uWi5jK0mJBQk1ECs2kguE=
-25,-2,3bg6sICDSDSJzn0Dw76Qg2gpjPM=,ora8jbbsIjwCeVBeAECcQQ6+6Dg=
-25,-3,3bg6sICDSDSJzn0Dw76Qg2gpjPM=,ora8jbbsIjwCeVBeAECcQQ6+6Dg=
-32,-11,3bg6sICDSDSJzn0Dw76Qg2gpjPM=,ZiVfnmjI0+VKBgsDXTEjhkxFLO4=
-32,-10,3bg6sICDSDSJzn0Dw76Qg2gpjPM=,ZiVfnmjI0+VKBgsDXTEjhkxFLO4=
-27,-1,3bg6sICDSDSJzn0Dw76Qg2gpjPM=,ora8jbbsIjwCeVBeAECcQQ6+6Dg=
-26,-1,3bg6sICDSDSJzn0Dw76Qg2gpjPM=,ora8jbbsIjwCeVBeAECcQQ6+6Dg=
-30,-2,3bg6sICDSDSJzn0Dw76Qg2gpjPM=,9IWUKGGRCQrObPA1TUrYxzo905o=
-32,-2,3bg6sICDSDSJzn0Dw76Qg2gpjPM=,9IWUKGGRCQrObPA1TUrYxzo905o=
-31,-2,3bg6sICDSDSJzn0Dw76Qg2gpjPM=,9IWUKGGRCQrObPA1TUrYxzo905o=
-30,-3,3bg6sICDSDSJzn0Dw76Qg2gpjPM=,9IWUKGGRCQrObPA1TUrYxzo905o=
-31,-3,3bg6sICDSDSJzn0Dw76Qg2gpjPM=,9IWUKGGRCQrObPA1TUrYxzo905o=
-32,-3,3bg6sICDSDSJzn0Dw76Qg2gpjPM=,9IWUKGGRCQrObPA1TUrYxzo905o=
-29,-3,3bg6sICDSDSJzn0Dw76Qg2gpjPM=,9IWUKGGRCQrObPA1TUrYxzo905o=
-29,-2,3bg6sICDSDSJzn0Dw76Qg2gpjPM=,9IWUKGGRCQrObPA1TUrYxzo905o=
-28,-3,3bg6sICDSDSJzn0Dw76Qg2gpjPM=,ora8jbbsIjwCeVBeAECcQQ6+6Dg=
-28,-2,3bg6sICDSDSJzn0Dw76Qg2gpjPM=,ora8jbbsIjwCeVBeAECcQQ6+6Dg=
-22,-1,3bg6sICDSDSJzn0Dw76Qg2gpjPM=,A0FP69uWi5jK0mJBQk1ECs2kguE=
-19,-1,3bg6sICDSDSJzn0Dw76Qg2gpjPM=,+0YmTaSSFJQUpKz46FaRKTqOR7E=
-20,-1,3bg6sICDSDSJzn0Dw76Qg2gpjPM=,+0YmTaSSFJQUpKz46FaRKTqOR7E=
-19,-4,3bg6sICDSDSJzn0Dw76Qg2gpjPM=,+0YmTaSSFJQUpKz46FaRKTqOR7E=
-18,-4,3bg6sICDSDSJzn0Dw76Qg2gpjPM=,+0YmTaSSFJQUpKz46FaRKTqOR7E=
-21,-6,3bg6sICDSDSJzn0Dw76Qg2gpjPM=,pZD+wUR7iGwf151kUFWinw6MHxg=
-21,-4,3bg6sICDSDSJzn0Dw76Qg2gpjPM=,A0FP69uWi5jK0mJBQk1ECs2kguE=
-21,-5,3bg6sICDSDSJzn0Dw76Qg2gpjPM=,pZD+wUR7iGwf151kUFWinw6MHxg=
-20,-4,3bg6sICDSDSJzn0Dw76Qg2gpjPM=,+0YmTaSSFJQUpKz46FaRKTqOR7E=
-21,-7,3bg6sICDSDSJzn0Dw76Qg2gpjPM=,pZD+wUR7iGwf151kUFWinw6MHxg=
-25,-1,3bg6sICDSDSJzn0Dw76Qg2gpjPM=,ora8jbbsIjwCeVBeAECcQQ6+6Dg=
-21,-1,3bg6sICDSDSJzn0Dw76Qg2gpjPM=,A0FP69uWi5jK0mJBQk1ECs2kguE=
-24,-1,3bg6sICDSDSJzn0Dw76Qg2gpjPM=,A0FP69uWi5jK0mJBQk1ECs2kguE=
-31,-1,3bg6sICDSDSJzn0Dw76Qg2gpjPM=,9IWUKGGRCQrObPA1TUrYxzo905o=
-30,-1,3bg6sICDSDSJzn0Dw76Qg2gpjPM=,9IWUKGGRCQrObPA1TUrYxzo905o=
-29,-1,3bg6sICDSDSJzn0Dw76Qg2gpjPM=,9IWUKGGRCQrObPA1TUrYxzo905o=
-28,-1,3bg6sICDSDSJzn0Dw76Qg2gpjPM=,ora8jbbsIjwCeVBeAECcQQ6+6Dg=
-18,-1,3bg6sICDSDSJzn0Dw76Qg2gpjPM=,+0YmTaSSFJQUpKz46FaRKTqOR7E=
-23,-1,3bg6sICDSDSJzn0Dw76Qg2gpjPM=,A0FP69uWi5jK0mJBQk1ECs2kguE=
-17,-4,3bg6sICDSDSJzn0Dw76Qg2gpjPM=,+0YmTaSSFJQUpKz46FaRKTqOR7E=
-17,-3,3bg6sICDSDSJzn0Dw76Qg2gpjPM=,+0YmTaSSFJQUpKz46FaRKTqOR7E=
-17,-2,3bg6sICDSDSJzn0Dw76Qg2gpjPM=,+0YmTaSSFJQUpKz46FaRKTqOR7E=
-32,-1,3bg6sICDSDSJzn0Dw76Qg2gpjPM=,9IWUKGGRCQrObPA1TUrYxzo905o=
-19,-9,3bg6sICDSDSJzn0Dw76Qg2gpjPM=,k6XEPZtOgv/olapUcWhvT6qf8r4=
-19,-10,3bg6sICDSDSJzn0Dw76Qg2gpjPM=,k6XEPZtOgv/olapUcWhvT6qf8r4=
-18,-10,3bg6sICDSDSJzn0Dw76Qg2gpjPM=,k6XEPZtOgv/olapUcWhvT6qf8r4=
-19,-11,3bg6sICDSDSJzn0Dw76Qg2gpjPM=,k6XEPZtOgv/olapUcWhvT6qf8r4=
-18,-9,3bg6sICDSDSJzn0Dw76Qg2gpjPM=,k6XEPZtOgv/olapUcWhvT6qf8r4=
-18,-11,3bg6sICDSDSJzn0Dw76Qg2gpjPM=,k6XEPZtOgv/olapUcWhvT6qf8r4=
-32,-7,3bg6sICDSDSJzn0Dw76Qg2gpjPM=,D4lZfrwUdBZrIikRnb63iGCl738=
-30,-7,3bg6sICDSDSJzn0Dw76Qg2gpjPM=,D4lZfrwUdBZrIikRnb63iGCl738=
-32,-5,3bg6sICDSDSJzn0Dw76Qg2gpjPM=,D4lZfrwUdBZrIikRnb63iGCl738=
-31,-7,3bg6sICDSDSJzn0Dw76Qg2gpjPM=,D4lZfrwUdBZrIikRnb63iGCl738=
-29,-4,3bg6sICDSDSJzn0Dw76Qg2gpjPM=,9IWUKGGRCQrObPA1TUrYxzo905o=
-30,-4,3bg6sICDSDSJzn0Dw76Qg2gpjPM=,9IWUKGGRCQrObPA1TUrYxzo905o=
-30,-9,3bg6sICDSDSJzn0Dw76Qg2gpjPM=,ZiVfnmjI0+VKBgsDXTEjhkxFLO4=
-31,-8,3bg6sICDSDSJzn0Dw76Qg2gpjPM=,D4lZfrwUdBZrIikRnb63iGCl738=
-22,-14,3bg6sICDSDSJzn0Dw76Qg2gpjPM=,TFV53bPof+WHuCntx5finYrnNms=
-23,-15,3bg6sICDSDSJzn0Dw76Qg2gpjPM=,TFV53bPof+WHuCntx5finYrnNms=
-22,-15,3bg6sICDSDSJzn0Dw76Qg2gpjPM=,TFV53bPof+WHuCntx5finYrnNms=
-23,-14,3bg6sICDSDSJzn0Dw76Qg2gpjPM=,TFV53bPof+WHuCntx5finYrnNms=
-29,-8,3bg6sICDSDSJzn0Dw76Qg2gpjPM=,D4lZfrwUdBZrIikRnb63iGCl738=
-30,-8,3bg6sICDSDSJzn0Dw76Qg2gpjPM=,D4lZfrwUdBZrIikRnb63iGCl738=
-31,-9,3bg6sICDSDSJzn0Dw76Qg2gpjPM=,ZiVfnmjI0+VKBgsDXTEjhkxFLO4=
-32,-8,3bg6sICDSDSJzn0Dw76Qg2gpjPM=,D4lZfrwUdBZrIikRnb63iGCl738=
-31,-4,3bg6sICDSDSJzn0Dw76Qg2gpjPM=,9IWUKGGRCQrObPA1TUrYxzo905o=
-32,-4,3bg6sICDSDSJzn0Dw76Qg2gpjPM=,9IWUKGGRCQrObPA1TUrYxzo905o=
-29,-6,3bg6sICDSDSJzn0Dw76Qg2gpjPM=,D4lZfrwUdBZrIikRnb63iGCl738=
-28,-6,3bg6sICDSDSJzn0Dw76Qg2gpjPM=,7rp05/KJ1ZpNncBSlUUriShN8is=
-32,-9,3bg6sICDSDSJzn0Dw76Qg2gpjPM=,ZiVfnmjI0+VKBgsDXTEjhkxFLO4=
-30,-5,3bg6sICDSDSJzn0Dw76Qg2gpjPM=,D4lZfrwUdBZrIikRnb63iGCl738=
-31,-5,3bg6sICDSDSJzn0Dw76Qg2gpjPM=,D4lZfrwUdBZrIikRnb63iGCl738=
-31,-6,3bg6sICDSDSJzn0Dw76Qg2gpjPM=,D4lZfrwUdBZrIikRnb63iGCl738=
-32,-6,3bg6sICDSDSJzn0Dw76Qg2gpjPM=,D4lZfrwUdBZrIikRnb63iGCl738=
-28,-9,3bg6sICDSDSJzn0Dw76Qg2gpjPM=,P1ZFFGQh70PyTeTh95sRGOD/c04=
-30,-6,3bg6sICDSDSJzn0Dw76Qg2gpjPM=,D4lZfrwUdBZrIikRnb63iGCl738=
-29,-5,3bg6sICDSDSJzn0Dw76Qg2gpjPM=,D4lZfrwUdBZrIikRnb63iGCl738=
-28,-8,3bg6sICDSDSJzn0Dw76Qg2gpjPM=,7rp05/KJ1ZpNncBSlUUriShN8is=
-28,-4,3bg6sICDSDSJzn0Dw76Qg2gpjPM=,ora8jbbsIjwCeVBeAECcQQ6+6Dg=
-29,-7,3bg6sICDSDSJzn0Dw76Qg2gpjPM=,D4lZfrwUdBZrIikRnb63iGCl738=
-28,-7,3bg6sICDSDSJzn0Dw76Qg2gpjPM=,7rp05/KJ1ZpNncBSlUUriShN8is=
-29,-9,3bg6sICDSDSJzn0Dw76Qg2gpjPM=,ZiVfnmjI0+VKBgsDXTEjhkxFLO4=
-28,-5,3bg6sICDSDSJzn0Dw76Qg2gpjPM=,7rp05/KJ1ZpNncBSlUUriShN8is=
-23,-13,3bg6sICDSDSJzn0Dw76Qg2gpjPM=,TFV53bPof+WHuCntx5finYrnNms=
-22,-13,3bg6sICDSDSJzn0Dw76Qg2gpjPM=,TFV53bPof+WHuCntx5finYrnNms=
-20,-10,3bg6sICDSDSJzn0Dw76Qg2gpjPM=,k6XEPZtOgv/olapUcWhvT6qf8r4=
-25,-10,3bg6sICDSDSJzn0Dw76Qg2gpjPM=,P1ZFFGQh70PyTeTh95sRGOD/c04=
-25,-9,3bg6sICDSDSJzn0Dw76Qg2gpjPM=,P1ZFFGQh70PyTeTh95sRGOD/c04=
-21,-11,3bg6sICDSDSJzn0Dw76Qg2gpjPM=,9YpRsCxI7wxjJarhtHf+Vt/ptf4=
-21,-9,3bg6sICDSDSJzn0Dw76Qg2gpjPM=,9YpRsCxI7wxjJarhtHf+Vt/ptf4=
-22,-9,3bg6sICDSDSJzn0Dw76Qg2gpjPM=,9YpRsCxI7wxjJarhtHf+Vt/ptf4=
-22,-10,3bg6sICDSDSJzn0Dw76Qg2gpjPM=,9YpRsCxI7wxjJarhtHf+Vt/ptf4=
-23,-12,3bg6sICDSDSJzn0Dw76Qg2gpjPM=,9YpRsCxI7wxjJarhtHf+Vt/ptf4=
-20,-9,3bg6sICDSDSJzn0Dw76Qg2gpjPM=,k6XEPZtOgv/olapUcWhvT6qf8r4=
-23,-11,3bg6sICDSDSJzn0Dw76Qg2gpjPM=,9YpRsCxI7wxjJarhtHf+Vt/ptf4=
-21,-10,3bg6sICDSDSJzn0Dw76Qg2gpjPM=,9YpRsCxI7wxjJarhtHf+Vt/ptf4=
-25,-11,3bg6sICDSDSJzn0Dw76Qg2gpjPM=,P1ZFFGQh70PyTeTh95sRGOD/c04=
-21,-8,3bg6sICDSDSJzn0Dw76Qg2gpjPM=,pZD+wUR7iGwf151kUFWinw6MHxg=
-24,-10,3bg6sICDSDSJzn0Dw76Qg2gpjPM=,9YpRsCxI7wxjJarhtHf+Vt/ptf4=
-22,-8,3bg6sICDSDSJzn0Dw76Qg2gpjPM=,pZD+wUR7iGwf151kUFWinw6MHxg=
-23,-8,3bg6sICDSDSJzn0Dw76Qg2gpjPM=,pZD+wUR7iGwf151kUFWinw6MHxg=
-24,-11,3bg6sICDSDSJzn0Dw76Qg2gpjPM=,9YpRsCxI7wxjJarhtHf+Vt/ptf4=
-20,-11,3bg6sICDSDSJzn0Dw76Qg2gpjPM=,k6XEPZtOgv/olapUcWhvT6qf8r4=
-23,-9,3bg6sICDSDSJzn0Dw76Qg2gpjPM=,9YpRsCxI7wxjJarhtHf+Vt/ptf4=
-22,-11,3bg6sICDSDSJzn0Dw76Qg2gpjPM=,9YpRsCxI7wxjJarhtHf+Vt/ptf4=
-23,-10,3bg6sICDSDSJzn0Dw76Qg2gpjPM=,9YpRsCxI7wxjJarhtHf+Vt/ptf4=
-24,-8,3bg6sICDSDSJzn0Dw76Qg2gpjPM=,pZD+wUR7iGwf151kUFWinw6MHxg=
-22,-12,3bg6sICDSDSJzn0Dw76Qg2gpjPM=,9YpRsCxI7wxjJarhtHf+Vt/ptf4=
-25,-8,3bg6sICDSDSJzn0Dw76Qg2gpjPM=,7rp05/KJ1ZpNncBSlUUriShN8is=
-24,-9,3bg6sICDSDSJzn0Dw76Qg2gpjPM=,9YpRsCxI7wxjJarhtHf+Vt/ptf4=
-22,-16,3bg6sICDSDSJzn0Dw76Qg2gpjPM=,TFV53bPof+WHuCntx5finYrnNms=
-23,-16,3bg6sICDSDSJzn0Dw76Qg2gpjPM=,TFV53bPof+WHuCntx5finYrnNms=
-17,-10,3bg6sICDSDSJzn0Dw76Qg2gpjPM=,k6XEPZtOgv/olapUcWhvT6qf8r4=
-17,-11,3bg6sICDSDSJzn0Dw76Qg2gpjPM=,k6XEPZtOgv/olapUcWhvT6qf8r4=
-17,-9,3bg6sICDSDSJzn0Dw76Qg2gpjPM=,k6XEPZtOgv/olapUcWhvT6qf8r4=
-17,-1,3bg6sICDSDSJzn0Dw76Qg2gpjPM=,+0YmTaSSFJQUpKz46FaRKTqOR7E=
-30,-16,3bg6sICDSDSJzn0Dw76Qg2gpjPM=,yiEv9Vimdt+1FQ0xhlYBez4ZrIg=
-31,-16,3bg6sICDSDSJzn0Dw76Qg2gpjPM=,yiEv9Vimdt+1FQ0xhlYBez4ZrIg=
-32,-16,3bg6sICDSDSJzn0Dw76Qg2gpjPM=,yiEv9Vimdt+1FQ0xhlYBez4ZrIg=
-31,-12,3bg6sICDSDSJzn0Dw76Qg2gpjPM=,ZiVfnmjI0+VKBgsDXTEjhkxFLO4=
-32,-15,3bg6sICDSDSJzn0Dw76Qg2gpjPM=,yiEv9Vimdt+1FQ0xhlYBez4ZrIg=
-32,-12,3bg6sICDSDSJzn0Dw76Qg2gpjPM=,ZiVfnmjI0+VKBgsDXTEjhkxFLO4=
-32,-13,3bg6sICDSDSJzn0Dw76Qg2gpjPM=,yiEv9Vimdt+1FQ0xhlYBez4ZrIg=
-30,-12,3bg6sICDSDSJzn0Dw76Qg2gpjPM=,ZiVfnmjI0+VKBgsDXTEjhkxFLO4=
-32,-14,3bg6sICDSDSJzn0Dw76Qg2gpjPM=,yiEv9Vimdt+1FQ0xhlYBez4ZrIg=
-30,-14,3bg6sICDSDSJzn0Dw76Qg2gpjPM=,yiEv9Vimdt+1FQ0xhlYBez4ZrIg=
-31,-14,3bg6sICDSDSJzn0Dw76Qg2gpjPM=,yiEv9Vimdt+1FQ0xhlYBez4ZrIg=
-31,-15,3bg6sICDSDSJzn0Dw76Qg2gpjPM=,yiEv9Vimdt+1FQ0xhlYBez4ZrIg=
-30,-15,3bg6sICDSDSJzn0Dw76Qg2gpjPM=,yiEv9Vimdt+1FQ0xhlYBez4ZrIg=
-30,-13,3bg6sICDSDSJzn0Dw76Qg2gpjPM=,yiEv9Vimdt+1FQ0xhlYBez4ZrIg=
-31,-13,3bg6sICDSDSJzn0Dw76Qg2gpjPM=,yiEv9Vimdt+1FQ0xhlYBez4ZrIg=
-21,-14,3bg6sICDSDSJzn0Dw76Qg2gpjPM=,TFV53bPof+WHuCntx5finYrnNms=
-20,-16,3bg6sICDSDSJzn0Dw76Qg2gpjPM=,oVUtUsKMH5PBFI40txfc0Y/XaY8=
-18,-12,3bg6sICDSDSJzn0Dw76Qg2gpjPM=,k6XEPZtOgv/olapUcWhvT6qf8r4=
-19,-12,3bg6sICDSDSJzn0Dw76Qg2gpjPM=,k6XEPZtOgv/olapUcWhvT6qf8r4=
-17,-15,3bg6sICDSDSJzn0Dw76Qg2gpjPM=,oVUtUsKMH5PBFI40txfc0Y/XaY8=
-18,-14,3bg6sICDSDSJzn0Dw76Qg2gpjPM=,oVUtUsKMH5PBFI40txfc0Y/XaY8=
-17,-14,3bg6sICDSDSJzn0Dw76Qg2gpjPM=,oVUtUsKMH5PBFI40txfc0Y/XaY8=
-19,-16,3bg6sICDSDSJzn0Dw76Qg2gpjPM=,oVUtUsKMH5PBFI40txfc0Y/XaY8=
-20,-12,3bg6sICDSDSJzn0Dw76Qg2gpjPM=,k6XEPZtOgv/olapUcWhvT6qf8r4=
-17,-13,3bg6sICDSDSJzn0Dw76Qg2gpjPM=,oVUtUsKMH5PBFI40txfc0Y/XaY8=
-21,-15,3bg6sICDSDSJzn0Dw76Qg2gpjPM=,TFV53bPof+WHuCntx5finYrnNms=
-18,-13,3bg6sICDSDSJzn0Dw76Qg2gpjPM=,oVUtUsKMH5PBFI40txfc0Y/XaY8=
-19,-13,3bg6sICDSDSJzn0Dw76Qg2gpjPM=,oVUtUsKMH5PBFI40txfc0Y/XaY8=
-17,-12,3bg6sICDSDSJzn0Dw76Qg2gpjPM=,k6XEPZtOgv/olapUcWhvT6qf8r4=
-26,-14,3bg6sICDSDSJzn0Dw76Qg2gpjPM=,RyxES42ZKKDPnOwIJU4CpRKZOiI=
-25,-14,3bg6sICDSDSJzn0Dw76Qg2gpjPM=,RyxES42ZKKDPnOwIJU4CpRKZOiI=
-28,-13,3bg6sICDSDSJzn0Dw76Qg2gpjPM=,RyxES42ZKKDPnOwIJU4CpRKZOiI=
-24,-13,3bg6sICDSDSJzn0Dw76Qg2gpjPM=,TFV53bPof+WHuCntx5finYrnNms=
-26,-12,3bg6sICDSDSJzn0Dw76Qg2gpjPM=,P1ZFFGQh70PyTeTh95sRGOD/c04=
-27,-13,3bg6sICDSDSJzn0Dw76Qg2gpjPM=,RyxES42ZKKDPnOwIJU4CpRKZOiI=
-25,-12,3bg6sICDSDSJzn0Dw76Qg2gpjPM=,P1ZFFGQh70PyTeTh95sRGOD/c04=
-20,-15,3bg6sICDSDSJzn0Dw76Qg2gpjPM=,oVUtUsKMH5PBFI40txfc0Y/XaY8=
-27,-16,3bg6sICDSDSJzn0Dw76Qg2gpjPM=,RyxES42ZKKDPnOwIJU4CpRKZOiI=
-21,-12,3bg6sICDSDSJzn0Dw76Qg2gpjPM=,9YpRsCxI7wxjJarhtHf+Vt/ptf4=
-17,-16,3bg6sICDSDSJzn0Dw76Qg2gpjPM=,oVUtUsKMH5PBFI40txfc0Y/XaY8=
-29,-16,3bg6sICDSDSJzn0Dw76Qg2gpjPM=,yiEv9Vimdt+1FQ0xhlYBez4ZrIg=
-28,-16,3bg6sICDSDSJzn0Dw76Qg2gpjPM=,RyxES42ZKKDPnOwIJU4CpRKZOiI=
-19,-14,3bg6sICDSDSJzn0Dw76Qg2gpjPM=,oVUtUsKMH5PBFI40txfc0Y/XaY8=
-24,-16,3bg6sICDSDSJzn0Dw76Qg2gpjPM=,TFV53bPof+WHuCntx5finYrnNms=
-27,-12,3bg6sICDSDSJzn0Dw76Qg2gpjPM=,P1ZFFGQh70PyTeTh95sRGOD/c04=
-21,-16,3bg6sICDSDSJzn0Dw76Qg2gpjPM=,TFV53bPof+WHuCntx5finYrnNms=
-25,-15,3bg6sICDSDSJzn0Dw76Qg2gpjPM=,RyxES42ZKKDPnOwIJU4CpRKZOiI=
-20,-14,3bg6sICDSDSJzn0Dw76Qg2gpjPM=,oVUtUsKMH5PBFI40txfc0Y/XaY8=
-24,-14,3bg6sICDSDSJzn0Dw76Qg2gpjPM=,TFV53bPof+WHuCntx5finYrnNms=
-28,-12,3bg6sICDSDSJzn0Dw76Qg2gpjPM=,P1ZFFGQh70PyTeTh95sRGOD/c04=
-29,-13,3bg6sICDSDSJzn0Dw76Qg2gpjPM=,yiEv9Vimdt+1FQ0xhlYBez4ZrIg=
-19,-15,3bg6sICDSDSJzn0Dw76Qg2gpjPM=,oVUtUsKMH5PBFI40txfc0Y/XaY8=
-25,-13,3bg6sICDSDSJzn0Dw76Qg2gpjPM=,RyxES42ZKKDPnOwIJU4CpRKZOiI=
-18,-15,3bg6sICDSDSJzn0Dw76Qg2gpjPM=,oVUtUsKMH5PBFI40txfc0Y/XaY8=
-29,-12,3bg6sICDSDSJzn0Dw76Qg2gpjPM=,ZiVfnmjI0+VKBgsDXTEjhkxFLO4=
-29,-14,3bg6sICDSDSJzn0Dw76Qg2gpjPM=,yiEv9Vimdt+1FQ0xhlYBez4ZrIg=
-26,-13,3bg6sICDSDSJzn0Dw76Qg2gpjPM=,RyxES42ZKKDPnOwIJU4CpRKZOiI=
-24,-15,3bg6sICDSDSJzn0Dw76Qg2gpjPM=,TFV53bPof+WHuCntx5finYrnNms=
-24,-12,3bg6sICDSDSJzn0Dw76Qg2gpjPM=,9YpRsCxI7wxjJarhtHf+Vt/ptf4=
-21,-13,3bg6sICDSDSJzn0Dw76Qg2gpjPM=,TFV53bPof+WHuCntx5finYrnNms=
-18,-16,3bg6sICDSDSJzn0Dw76Qg2gpjPM=,oVUtUsKMH5PBFI40txfc0Y/XaY8=
-26,-16,3bg6sICDSDSJzn0Dw76Qg2gpjPM=,RyxES42ZKKDPnOwIJU4CpRKZOiI=
-25,-16,3bg6sICDSDSJzn0Dw76Qg2gpjPM=,RyxES42ZKKDPnOwIJU4CpRKZOiI=
-20,-13,3bg6sICDSDSJzn0Dw76Qg2gpjPM=,oVUtUsKMH5PBFI40txfc0Y/XaY8=
-29,-15,3bg6sICDSDSJzn0Dw76Qg2gpjPM=,yiEv9Vimdt+1FQ0xhlYBez4ZrIg=
-26,-15,3bg6sICDSDSJzn0Dw76Qg2gpjPM=,RyxES42ZKKDPnOwIJU4CpRKZOiI=
-28,-15,3bg6sICDSDSJzn0Dw76Qg2gpjPM=,RyxES42ZKKDPnOwIJU4CpRKZOiI=
-27,-14,3bg6sICDSDSJzn0Dw76Qg2gpjPM=,RyxES42ZKKDPnOwIJU4CpRKZOiI=
-28,-14,3bg6sICDSDSJzn0Dw76Qg2gpjPM=,RyxES42ZKKDPnOwIJU4CpRKZOiI=
-27,-15,3bg6sICDSDSJzn0Dw76Qg2gpjPM=,RyxES42ZKKDPnOwIJU4CpRKZOiI=
